{
  "train_loss": [
    2.7983959913253784
  ],
  "val_loss": [
    4.154733419418335
  ],
  "learning_rate": [
    0.0
  ],
  "epoch_time": [
    0.2670116424560547
  ]
}